,,,
,,,
Category,Sum of Sales,,
"Eggs, Meat & Fish",2267401,,
Snacks,2237546,,
Food Grains,2115272,,
Bakery,2112281,,
Fruits & Veggies,2100727,,
Beverages,2085313,,
Oil & Masala,2038442,,
Grand Total,14956982,,
,,,
,,,
,,,
Sub Category,Sum of Sales,,
Health Drinks,1051439,,
Soft Drinks,1033874,,
Cookies,768213,,
Breads & Buns,742586,,
Noodles,735435,,
Chocolates,733898,,
Masalas,697480,,
Cakes,685612,,
Biscuits,684083,,
Spices,672876,,
Edible Oil & Ghee,668086,,
Mutton,611200,,
Eggs,575156,,
Fish,560548,,
Organic Staples,558929,,
Fresh Fruits,551212,,
Atta & Flour,534649,,
Fresh Vegetables,525842,,
Dals & Pulses,523371,,
Chicken,520497,,
Organic Vegetables,520271,,
Organic Fruits,503402,,
Rice,498323,,
Grand Total,14956982,,
